x1,x2,target
-0.05056689931836367,0.18567597377365352,0
0.8986593565570049,-0.5694428693823734,1
-0.25151536601786195,0.1795176253278279,0
-0.42116799659452453,-0.011088506253982944,1
-0.01671216868287262,-0.3955788588268492,1
0.01847570906299456,-0.8608008672153211,0
-0.21892183402519994,0.5120814321588731,1
0.04284903607002044,0.2625297148891683,1
-0.9589412370100794,-0.4180660011093966,1
0.06475368745317267,-0.5898366421143082,1
-0.6622285682531355,-0.536827091386161,0
0.8336096208793333,-0.9733599939096547,0
0.6190843700715025,0.7138923810156093,0
0.4692282276745774,-0.5929235945770859,0
0.686728683845121,-0.7591450329396783,0
-0.9639429122929974,-0.15881364732839853,0
0.8892025683021212,-0.5935739461595781,1
0.8696240014531218,-0.947307497949686,0
0.948798993507517,0.07804610109663601,0
0.18518161783929465,-0.17224530174578234,0
-0.8556219715947133,-0.7352537515869393,0
-0.05549937242979519,-0.9071478044037633,0
0.045168468858603594,0.7015851283631382,0
-0.31089793092180784,-0.31960206455727747,0
-0.8521494815479629,0.3794230155949765,1
0.12784804858030174,0.4687712053915658,1
0.49025125788893087,0.40420681104746903,0
0.7234557049576349,-0.3583123373399111,1
0.36761320795387875,-0.6041184525961798,1
-0.4707585046519325,0.1381133228868605,1
0.8646138787170776,-0.380617303355929,1
-0.6894366075963323,-0.046405258510874736,0
0.4031974479284266,0.3689268935809238,0
0.3599680493166386,0.7275066787631344,1
-0.27818150254207263,0.34960072172893253,0
-0.4517960061685822,-0.4539729055431483,0
-0.1322827219505298,-0.23751288403489967,0
0.3701211555718831,-0.29762507347017864,0
0.4467343844354359,-0.9664411178705421,1
0.2801114264896549,-0.7738281976405081,1
-0.6985999825183162,-0.9129596098710908,1
-0.6964227574225372,-0.6011117668777486,0
-0.6335009527802558,-0.6488961994925924,0
-0.11286893394667996,-0.8252656428848999,0
-0.5024827715525515,-0.8581661353484726,1
0.7790761038143901,-0.7333684730020769,0
0.06463905430964356,0.742748352116698,0
-0.2896363991183095,-0.5836273554577474,1
-0.8862752910088487,-0.4252107176435582,1
-0.45793601740030754,0.03691595854153551,1
-0.47679755458689455,0.19274497239615274,1
-0.024625864759785676,0.5385337558561356,1
-0.6782675925135881,-0.26408806502517024,1
0.18305745948136987,0.8665748477203354,0
0.9951492824358092,0.07156920030377267,0
-0.3296818725429165,-0.6424314231239938,1
0.3037444721124798,-0.9462606082878156,0
-0.8109224030661804,-0.053983037530975775,0
-0.8236515120460646,-0.7078164499144097,0
-0.5100847013204379,0.2357713778157562,1
-0.19892356789900756,-0.6477312886930098,1
0.4436217640647768,-0.9033039474814355,1
0.014095275479131697,0.4751515251116647,1
0.7496591823730718,0.3507821730215328,1
-0.5164369741274824,-0.41839303619165524,0
-0.22965853205953346,-0.8981026995542143,0
-0.009501702213004837,0.2505537980349608,1
0.12042189719911067,0.2521031675750274,0
-0.893905075470053,-0.13944247250175668,0
-0.6859310611658893,0.6681471264202776,0
0.05311464383802256,0.9777433422675539,0
-0.6615246147163238,0.5598450093184282,0
-0.5818630238379587,0.4984628921511216,0
-0.14020655385961978,0.6457892867912014,1
0.2744178372375903,0.9731080856274688,0
-0.17113440377546674,-0.5211893180671687,1
0.08520658128401548,0.8160985926050406,0
0.9532638251097663,0.8361646264334377,0
0.7097889402370268,0.7555428124151273,0
0.5510949371702372,0.9713240512380936,1
0.5613866501533884,-0.5533651468037397,0
-0.2422970644673239,-0.4698178396661834,1
0.3575410105459582,-0.570914437832799,1
0.008810138183449112,-0.8952434450466962,0
-0.7953863414268483,-0.10602447063534703,0
-0.5589537946682572,0.07372652252512202,1
0.5061761965913791,-0.266497055164826,1
-0.00021138943545206956,-0.3827637171382894,1
0.7552047674801436,-0.2920363650773641,1
0.1037513815091684,0.7539541600477426,0
-0.39357180969390315,0.6924718669970773,1
-0.9129314562613307,0.607983701945072,1
-0.19597670245713217,0.11940835784236259,0
-0.975204907102788,-0.26890505080372984,0
-0.8703169152932853,-0.10660825319091582,0
0.8683135899677268,0.1583975266571782,0
0.8575881229943025,-0.9235280092511329,0
-0.742013836237968,-0.6907330217780887,0
-0.4917698759874518,-0.9326646962956424,1
-0.4113353042764414,0.4138585948905267,0
0.2570750940876618,0.7477215198192038,1
0.9120104560201572,-0.8081392093345103,0
0.18351765352620353,0.0920993870441642,0
-0.8286319417741581,0.8692377520729357,0
-0.030075759630948218,-0.25622057647308805,1
-0.9835672030073641,-0.0630502938078088,0
0.877494078917638,0.6496300552967618,1
0.5451924925307159,-0.33109689411456955,1
-0.12273147375360938,0.8464393006132955,0
-0.8776301494609902,0.21455889854545962,0
-0.5630162908988703,0.20259173923646046,1
-0.005377028797368899,-0.2577037366358561,1
0.5269477010093495,0.7757908560783446,1
0.40063193852283563,0.7317039399168279,1
0.28247376628636256,-0.2533236801705945,0
-0.7507039152369954,0.10333412741510606,0
-0.9185930739046504,-0.005544147218718765,0
-0.5228000508788913,-0.7828928767054812,1
-0.4743331566143665,0.24494804922258062,1
-0.9156148511695732,0.8925450469203893,0
-0.7349719103653527,0.2757652965081905,1
-0.8014748493348218,0.4515628921589996,1
0.22882638743477468,0.16327919223611298,0
-0.3240539334523942,-0.8105473282466695,1
-0.5444213190293004,0.7622755170801696,1
0.8831522878150395,-0.8498500223172305,0
0.07076645473241006,-0.531060613636638,1
-0.6387385494660329,-0.624390735290927,0
0.9126183746832484,0.14167683535197928,0
-0.6227964387261156,-0.15766792318253464,1
0.8167876636008242,-0.29716395301430376,1
-0.7238126266684359,0.06611281500738664,0
0.8063800957505485,-0.2853445313663847,1
-0.9151671242400685,-0.5217913438437849,1
-0.42727669900831766,0.9918813734765706,1
-0.04151212166695806,-0.47782058919870707,1
0.5601521706886217,-0.5970518671390699,0
0.2821619940833482,0.7826260195925878,1
0.826007067910157,0.8868111870379216,0
0.4905628516673335,0.4064249277034968,0
0.03709850723322328,-0.935105457645516,0
0.7497843170677749,-0.8762974134983685,0
-0.2446132717208076,-0.3594155532589942,0
0.13365411312510767,-0.24680270968412876,0
-0.4353928348271159,0.5611416661580062,0
-0.8445548218059935,0.3056226644810025,1
-0.9775828191969662,0.2626438322921181,0
-0.2112379609517323,0.3479690454299236,0
-0.7451675706882592,-0.7905987047993144,0
-0.9996743617374999,-0.9248927277477494,0
0.12032893931741473,-0.9282428161110483,0
0.261932036971664,0.6065721967311501,1
0.9052794712312229,-0.6409488398514895,1
-0.9774739564691104,0.03368709999713815,0
-0.6608532895599433,-0.14972641392785713,1
0.42955976762565573,-0.567183870349474,0
0.8525277530290676,-0.44577602066987465,1
-0.7127272441492636,-0.7732952767717125,0
-0.798882054285116,-0.832303196508378,0
-0.6059291726060017,0.29466774931498896,1
0.047041492070040825,0.49059000816882303,1
0.9770527046702278,0.8833459278975899,0
0.9159458396158626,0.6148670266023004,1
0.11079721610691307,0.9970712447369239,0
-0.6306460862214316,-0.6367307472345496,0
-0.5058806657514974,-0.05943949866395415,1
0.3206689341461657,-0.18392922233953746,0
0.6935459754770619,0.26373556294878986,1
-0.06434664819295266,-0.47991677752068096,1
-0.29857709466170657,-0.5624552686635889,1
-0.3127495176923165,0.016681461851888457,1
0.04917914663749956,0.0627103925383341,0
-0.5428194099772692,0.40725261913618405,0
0.6569648437876128,0.9563315450245953,1
0.2327359367801467,-0.6886702695355573,1
-0.8290757269583673,-0.13783382745141948,0
-0.2830474108943948,-0.21167517616645593,0
0.5977134822177956,-0.5629625077554499,0
-0.39777011204755786,0.6612397364520342,1
0.36878314612674834,0.7934596353624035,1
-0.1118864583018695,-0.8357823810333027,0
0.8553786104880166,-0.17330314954895876,0
0.548907885961502,-0.3341522041716123,1
0.2399592494091083,-0.7068840138518688,1
0.23724682739017444,0.5188964941545362,1
-0.9103166757574748,-0.5616632632500207,1
-0.9234218150486697,0.11439646820102856,0
-0.05934987046510387,-0.9160732693107418,0
0.0684937453532628,0.9813097296136297,0
-0.17131671836847073,-0.41226975152280687,1
0.1727776112549888,-0.4774599783309905,1
0.7672337657408566,-0.9959036111676765,1
-0.11394870850805616,-0.45589627485402273,1
0.5689684921178517,0.4824662009084659,0
-0.11859195329567651,0.13408380738239245,0
-0.9916739303457613,-0.958980878742721,0
-0.39552821505495506,0.4533527411608551,0
-0.48263052511922067,0.8102812581878469,1
-0.3206896374706967,-0.3764218089829745,0
0.35314707239218524,-0.8268518524301174,1
-0.4941213572763472,-0.9336904176471914,1
-0.30888510498903265,0.8054265330191195,1
0.6926176132046462,0.694640630041675,0
0.8326245902282396,-0.802296246031887,0
-0.1357943630447298,0.09678795179955757,0
0.9428941141982841,-0.7279770319066512,1
-0.565268146397061,-0.9484243547968492,1
-0.08612215790017075,-0.4842817868209133,1
-0.9694818171366397,0.5921495305796858,1
0.01937523479481862,0.9875666008348227,0
0.47939629690733176,0.9932831296715747,1
-0.546540407722532,0.6854493410315528,0
-0.13521430013178382,-0.055485960003793355,0
-0.6427956955482512,0.19690326606576547,1
-0.9201816378120922,-0.5122492771726721,1
0.6732325676466044,-0.269735944897193,1
0.8005106204045418,-0.8741955089996043,0
0.1550747303664155,0.47695801291391704,1
-0.8487816387922877,0.12423236276081506,0
0.933483074962953,-0.5100058761655024,1
-0.42834717491602725,-0.11152862488582271,1
-0.6506724255854164,-0.18105404625588895,1
0.16836836337884042,0.9476977781316658,0
0.5564962969874789,0.02200349796436951,1
-0.4537926772770824,0.2319284320422561,1
-0.8082760543709369,-0.5211515948308965,1
-0.12493709158273214,-0.8239108393786931,0
-0.7772783665767127,0.30236002063546175,1
0.48368778461585116,0.38739270187350927,0
0.5743301265210303,0.2584181062890112,1
0.9702190054116109,-0.683763473127641,1
0.9544630433926324,-0.6384518669434369,1
0.3936701010825736,0.8319639899896916,1
0.2071250264825084,-0.45383360455031063,1
-0.5700649189508742,0.44659594875733166,0
-0.5201634935808963,0.5263090417592735,0
-0.11306085394824783,-0.6020005706416325,1
0.1865641601300707,0.9468857135884599,0
-0.966402051218527,-0.19345445080849388,0
-0.8048832253674667,0.7400200443592682,0
0.20263253289950178,0.4859275037786688,1
-0.9980793507270156,0.6136901170705034,1
0.4638420050970551,-0.4568373115917228,0
0.37224481694044576,-0.005923902726472141,1
-0.06357259652511882,0.32373846594867284,1
-0.2468605878917609,-0.6126255573537884,1
-0.5227013845594175,0.6065667807609139,0
-0.26195335685104215,-0.007618356806377458,1
-0.9897775262190862,0.5392286426293913,1
-0.8912573168753704,-0.6453210277488752,1
0.47931863057173696,0.37622270678422587,0
-0.4502265939613457,-0.8795963737302976,1
-0.10223656982388962,0.8740153486608251,0
-0.5083225850950359,-0.6152396139573266,0
-0.6093025146404962,0.49753268112951043,0
0.5328376065637463,0.5472949802596963,0
0.47050124165049034,-0.6119074556296962,0
0.6054243845895249,-0.6383961162579874,0
-0.0945974411463828,0.11698819750533995,0
-0.7411703983702043,0.19327805593737657,1
0.4804982735292431,0.7015396414914525,1
-0.35504917417951254,0.7078796695909064,1
-0.41693260440234736,-0.7707673561168684,1
0.29945530909178797,-0.7385026288552194,1
0.4567373379999442,0.4211680293447362,0
-0.023428844452302755,0.15369476750777755,0
0.6468064820244743,-0.33960682010415244,1
0.9867446570312701,-0.7592827325656097,1
-0.54877229010735,-0.24304155536665717,1
-0.9581602521705939,0.6205119547949507,1
-0.8558129404105081,-0.40535339064103004,1
0.7780130514369055,0.21540767009658723,1
0.6744906817845566,-0.3520483934730909,1
0.18508712648500203,0.5072130373911854,1
-0.3842417416648516,0.052263141566497584,1
-0.318109466146002,-0.6443688692555962,1
0.3893638849751424,-0.681573342724551,1
-0.02954344586876001,-0.9126026878568663,0
-0.6390685349640746,-0.07620419838021864,1
0.31988724114139466,-0.03759746257833174,1
-0.9328238663551827,0.8637587850847823,0
-0.565298617716482,-0.0040451637430962695,1
-0.9974312841672379,0.30766322604819263,0
0.4438414113971816,-0.18511399821667585,1
-0.5377767928400705,0.7792982594636773,1
0.4644416980136927,-0.4365334663759368,0
-0.3133465361440999,-0.6497199133959621,1
0.7925846071364362,0.035620418200765114,0
0.874973497814131,0.4234486242261315,1
0.677551528967133,-0.8902905183896819,1
0.45673119149413455,0.9118744965465844,1
-0.874943585962223,-0.8157110456945373,0
-0.14949092057390834,-0.6041812437319021,1
0.9311030254383448,0.4218977068257226,1
0.7417606526968434,-0.18917917730606182,1
-0.38501557775525597,-0.0631891068227759,1
-0.0165675576036175,0.2960004193818002,1
-0.08929791001541254,-0.7543165656181243,0
0.9159450399918745,0.7935222949057052,0
-0.5496438898458602,0.3287569323497017,1
-0.6038434973761393,-0.04708158068197221,1
0.47382500906662983,0.24342572509452687,1
-0.15819136217896723,0.9342453282726484,0
-0.6124113549007855,-0.09333222653191786,1
-0.5683346575339459,-0.640202806133852,0
-0.08225351355457011,0.528262181821314,1
0.22340712104001414,-0.685341113516164,1
-0.9369681734257647,-0.5999988597422108,1
0.8690401809233597,-0.7593725764441464,0
-0.7203012044234369,0.6087580080643837,0
0.11738112857912841,-0.6252626728597979,1
-0.06100047655459728,-0.36420128663937845,1
0.17531389873832315,-0.1995928992190903,0
0.028467227841578513,0.8227676007904161,0
0.9139503594791933,0.145519819371553,0
0.6712201693476629,-0.13794453713665833,1
-0.13757435992348044,0.8172228230241774,0
-0.8906477665780508,-0.39524998711606996,1
-0.21042852110492194,0.6590974686617679,1
-0.9303083785969539,0.6062301816239748,1
-0.5517389370255337,-0.023112665364677376,1
0.8710363976050166,-0.9998610335294738,0
0.5740022878134554,-0.5376186738773572,0
0.45994932401107635,-0.018685581057895195,1
0.3422248419774718,-0.44922340911033,0
0.28910922725858623,0.6084265488638607,1
-0.03286007541367275,-0.6951720612960395,0
0.32249905377528254,0.19492950080979377,0
0.5218235194150969,0.5937058218377702,0
0.2909504672487089,-0.8436053847765357,1
0.4766748159818237,0.7364587433910552,1
-0.6147907524143823,0.9652376840809849,1
-0.6701422110800608,0.22040236118245526,1
-0.3664814718920466,-0.915989593614396,1
0.5406781066118489,0.4406382624735974,0
0.47488920276236724,0.4067946991015361,0
-0.5252514234252066,-0.1260481160350937,1
-0.7019845451063094,-0.7797874713031494,0
0.6878584828105925,-0.00211825190830206,0
0.3013368965159715,-0.038855265518026094,1
0.39520103463320266,-0.6314105992380747,1
-0.832176151169757,0.04449505960647748,0
0.22053020359956066,0.590302853529157,1
-0.14999207961707306,-0.28995388644692155,0
-0.7702345545003355,0.8835285018887351,0
0.8307412017769398,-0.07266428383358736,0
-0.11056586855709405,-0.06951466680873519,0
-0.8419686221641141,0.7554363934716564,0
-0.759201712439411,-0.48847630604672054,1
-0.9300368140402007,0.5585005549354427,1
-0.15088853836827876,0.05990613741585582,0
0.15537223878849793,-0.0730737824819434,0
0.809242315189312,-0.04132307660227008,0
0.2557393128768852,0.30028173603493125,0
0.7052011334113415,-0.34372534896788287,1
0.08055252359224907,-0.05022729354579436,0
0.029955995204102415,-0.5541420324420996,1
-0.258228128901564,0.5158861006340065,1
-0.0689926300496233,0.20719741668586256,0
-0.6897325782574903,0.2956914052075892,1
-0.3451803193174552,0.2958289583211442,0
-0.11786965491144707,0.5257049711363411,1
-0.9215426697954958,0.9842015856663577,0
0.9146126526520342,0.5059054502156879,1
0.792356687163893,-0.4015461567081344,1
0.31465064864379344,0.8736415547136496,1
-0.6363241217297384,0.12266978897149317,1
0.8798631990901729,-0.11591619197050962,0
-0.38349926991060657,0.4196194407813236,0
0.1262477214654245,0.025398308873855413,0
-0.8201691374732565,-0.4720395807645701,1
0.3856902737350858,0.5266340740083189,0
0.9199738413693175,0.03800710090348347,0
0.4384422136988655,-0.756325898342501,1
0.3535381308196688,-0.05624296556493147,1
0.9413332506148118,0.4313888743241814,1
0.40565594435729535,0.7117942030064213,1
0.8815897055549244,0.6287071158000166,1
0.25913108318043676,0.6136624614790185,1
0.001596664059425823,0.8485598909691197,0
-0.7865787265248174,0.5367718617545292,1
0.7462273337399661,-0.006758933785956822,0
-0.9962814096299522,-0.5573277467773867,1
0.030880112143193195,-0.37003181179847044,1
0.9393385297405041,-0.19797014171421767,0
-0.6982180636922328,0.2792408064806067,1
0.22544452396630343,0.9977353817154846,0
-0.9067866339925856,-0.7829752240292562,0
-0.43826393139794373,0.6678911032575974,1
-0.9615867327179692,0.49784711453723585,1
-0.42471345667402893,0.7711929897477727,1
-0.23697272807281622,0.3496051079041138,0
-0.3202516485900413,-0.3132260757072862,0
0.4187781025171833,0.8414295306235746,1
-0.884758842613941,0.48305413261127494,1
0.253875484852776,0.149142519599601,0
-0.5481861806816379,0.43248868843558563,0
-0.13934313592544578,0.4089823592256081,1
0.3102455942989324,0.40843610357573845,0
-0.6609993702120394,0.7457403840597316,0
0.35871499819916,0.41403702710946,0
-0.5474234543336716,-0.10879337784141474,1
0.7664875975196892,-0.8538963449616341,0
0.775724933027101,-0.2352790551798034,1
-0.5026560013209993,0.3852529297189571,0
-0.5373136789435551,-0.4395427841761177,0
-0.4934454972600326,0.479657146490448,0
0.731965347512652,0.20144869161279444,1
-0.37726789090892776,-0.42876800908989443,0
0.5220135346921293,-0.21409121595478964,1
0.307513346161985,0.41974425194062404,0
0.9602674675737708,0.6786377802308066,1
-0.5231541651287523,0.4443616198552034,0
0.7565476056701121,-0.4194844216531439,1
0.24306317932362886,0.8028812511592136,1
0.0913809640611003,0.008675980674382355,0
0.3358530658860339,-0.7506698556490463,1
0.34246512519134265,0.10386619611655301,1
-0.508264228706415,0.4271999033238014,0
0.9346794253472595,-0.9931539682619324,0
0.278853461586569,-0.38843529391484344,0
0.9526473259517341,-0.1682533975906133,0
-0.2990749673570021,0.06488765732856971,1
0.5020545742620868,-0.3884130579872054,0
0.3363266345260485,0.8380247479823049,1
-0.2450858319644582,-0.4871508349924081,1
0.8988025575261107,-0.7849890371612429,0
-0.7269909721469368,-0.1745170059006611,1
0.3676817347634844,0.729250375007306,1
0.28275794714654356,-0.5427493749436016,1
0.07520641280080764,0.5924213083711845,1
-0.9770318049175541,-0.8695430246912272,0
-0.757173955852551,-0.3546746130639953,1
-0.1797350864284879,-0.9233070471299285,0
0.7422291115339517,0.6702158162558431,0
-0.30934868014282846,0.35697826543909716,0
0.1052124839336579,0.3998837731179483,1
0.46827511028178237,0.5883459545932606,0
-0.7844659449910041,-0.008675071579691718,0
-0.698895601277554,-0.36731988696340667,1
-0.5916298711261945,0.7235876898186717,0
-0.3889415269226719,-0.3049347423511526,0
0.8716093530717932,-0.9552281316330464,0
0.00380519231402654,-0.8464499378380161,0
0.7792882897383622,0.5544171494879724,1
-0.4099334578715448,-0.5397844743001021,0
-0.7748939341395538,0.08880863865330935,0
0.2007001525975758,0.11952610927370544,0
-0.17127315593706838,0.21507319420204563,0
0.12439008864449841,-0.20567470221724227,0
-0.15192078381248142,0.9667469051204012,0
0.9797937372542733,-0.30650330172493145,0
-0.7833626263917735,-0.8732888515576369,0
0.7397280713113312,0.7592871867803568,0
-0.8919442939927928,-0.24804267596017926,0
0.5122916916315066,-0.8794595797843292,1
0.2925556614668563,-0.26964990532018773,0
-0.29848145776187573,0.3488938766102798,0
-0.5575254721301652,-0.5551048151215112,0
-0.0980857693711168,-0.12838559382705284,0
0.9684964357399855,-0.25414674225717904,0
-0.014370166451083133,0.30618474790900674,1
-0.519410341098262,0.7522723730739405,1
0.42266736661012927,0.055226840320166115,1
-0.975878051801393,-0.28970752624384977,0
0.7799347639398333,-0.8267791616679416,0
-0.8001707636000408,-0.2933438971965554,1
0.6895622079283352,0.7507583242157505,0
0.5345278383513437,0.2640091617718432,1
-0.47753925896417404,-0.8367947318497109,1
0.9472915411621599,-0.9200034215137274,0
0.6664518862372648,-0.7892617500449965,0
-0.08737926098611237,-0.7522165060865278,0
-0.5000325171626325,-0.9315791080294384,1
-0.737365149785588,0.08191731880672903,0
0.6302700048445127,0.5786885297076527,0
0.008962418272930872,-0.6634302778128194,0
0.7554600580172792,-0.011754958028765916,0
-0.013181877285830979,0.9735795867656603,0
0.5146843159785053,0.6222321372972925,0
-0.1729267023840264,-0.050721599173468634,0
0.6693464149613517,-0.23609449876235145,1
0.3961599953406896,0.7947723646982277,1
-0.2525136378592223,0.7223522717416624,1
-0.6316755063848389,0.5402111553686202,0
-0.44361879774486357,0.7166837261547141,1
0.9669641649512466,0.29952449074418563,0
-0.3086259505844493,-0.2898976469179515,0
-0.1021107694643093,-0.9974009387254625,0
-0.09506859192593176,0.8442587612257639,0
-0.7678374524821088,0.045389034618556146,0
-0.7302600492554099,0.028106740932164254,0
0.2141808868104802,0.553438615481479,1
-0.9184312962849748,0.9902875493171988,0
-0.07127315793228428,-0.9585479573283138,0
-0.7325344918757741,-0.3386079513304334,1
-0.044686464553008065,-0.5926834969882733,1
-0.3586435018707921,0.05867409172347249,1
-0.4555777388568292,0.8676426985749901,1
-0.6007592538904449,-0.9674211577458978,1
-0.9274034705906733,-0.8103947127845297,0
-0.7167886546290134,-0.18628936073993407,1
0.7997781292146093,0.38337736626606267,1
0.7444868841769221,0.36755415158074145,1
0.40650039289280016,-0.7994635174606781,1
-0.17220940544477426,-0.06544493091290038,0
-0.633618651302245,0.9467160495690048,1
0.16182258687539885,0.5596377820176759,1
0.4261359675354004,0.7619072973039911,1
0.025358786924918997,-0.3049586957034389,1
-0.44142942970311894,0.7969663286664785,1
0.40521190291173026,0.7304472829229944,1
-0.09089167324945091,0.8308163511975124,0
-0.04155281904339425,-0.5993779618554214,1
-0.5202279290860379,-0.17033601121974717,1
0.8741381330037197,-0.8840249476541979,0
0.642963149018275,0.6034997587418196,0
0.8378525073909899,0.8869230151932024,0
-0.9689912223598784,-0.11837160535959135,0
0.949421338437171,0.8709507104645731,0
0.9150430303932726,-0.8179813224982035,0
0.9742876632366697,0.27568610581705055,0
0.9348544176231475,0.4585253974904615,1
0.003527582957807418,0.25310499201552816,1
0.9138627090655014,0.6405964975799994,1
-0.08937312637534744,-0.3448379667671899,1
-0.9643498117272673,0.8721740937118292,0
-0.41692578870454233,0.828344895142936,1
-0.48329481813149755,0.43541040913317697,0
0.5980096229870775,-0.8712410918043034,1
0.012552201269145469,0.4615462791464955,1
-0.9009262355448939,-0.12090562084148093,0
0.9260292585250731,-0.09357135250019954,0
0.11282936369698504,0.9812114894018922,0
-0.4960881146374112,0.7990239905029692,1
0.3106217187531677,-0.18101253622395097,0
-0.7702369262482784,-0.39036775125204914,1
0.6593990558609102,0.6549879729059322,0
-0.24976494994163767,0.7242110673912563,1
-0.12245013851590092,0.8719614355755445,0
-0.8572068715435963,-0.08252494990499937,0
-0.5097823312516598,0.06982073608517969,1
-0.9226204917041172,0.8609731791182607,0
-0.6068388718131863,0.06551633133160828,1
0.5388033491831044,0.05740511313875407,1
0.1483439025489406,0.2601037846111809,0
0.05440939697814051,0.17169976337276904,0
0.46872757580486635,-0.1756474486106563,1
-0.10181573718069248,-0.8086976019484486,0
-0.8507565129400592,0.03954135491038091,0
-0.5490428011082025,-0.23302142240232082,1
0.7311956937061834,-0.40548068855330444,1
-0.9339733122476317,0.9967704681609346,0
0.43919365218382067,-0.48229833474522876,0
0.3703890273796644,-0.2450225598271505,0
0.9815489727783377,-0.9710096373891057,0
-0.891164295380122,0.7578272518978992,0
0.917108018149879,0.9376784955884272,0
0.7809992739892775,-0.479484033159149,1
0.9867115087920002,0.06231493889534745,0
0.0670874653541591,-0.3180956437102196,1
-0.37586181939691987,-0.9052604874858472,1
0.09023560449553525,-0.6208161804788033,1
-0.02233294169987987,-0.9549671467496026,0
0.28124830831847025,0.14581235231441503,0
0.4590134587305785,-0.23206008312820536,1
0.4501139792663156,0.8969944459226293,1
-0.7550560277378777,0.843028412777356,0
-0.993883027056431,0.8616509915726724,0
-0.03548152862795462,-0.9666295564856944,0
-0.9649965364788582,0.5624481223846338,1
-0.6542987537626357,0.40595375626252395,1
-0.3098671112150484,-0.5254780504642864,1
-0.45548350790775327,0.9591328951761862,1
0.6402639047599743,0.6619037405464507,0
0.7380058366136559,0.6585468177775271,0
-0.061908567122107794,0.2949316049416255,1
0.7659840290205395,-0.009199630435849704,0
-0.7659085599776869,-0.7486630072711558,0
0.9510850435369775,-0.011153882268346127,0
0.3982770130707707,-0.522244678194016,0
-0.04876453125073854,0.9246143435513208,0
-0.23129818510603206,-0.11060576832695102,0
-0.5420825782520853,0.29106121116293093,1
0.9111979426528476,-0.9904862052116594,0
-0.5503499007496098,0.2457255193779606,1
0.30018915706046556,-0.6782848821738716,1
-0.7323509237910593,-0.01108198147077366,0
-0.18185620975913985,-0.6990848517554318,1
-0.6582058583811827,-0.004370012374757204,0
-0.4219477723859688,0.9104992197186086,1
0.3475978755794631,0.7887574526121426,1
-0.8819129046653476,-0.09070598985051515,0
-0.9118933140103731,-0.15532851691023009,0
0.5633053052945327,0.31223760198712136,1
-0.9599196351696169,0.8898698982537145,0
-0.8088914699792087,0.8230392116337231,0
-0.5625127898079703,0.16570046700264984,1
-0.8207572429199277,-0.5299260630059459,1
-0.5077788713194114,-0.8678892822164166,1
0.390941753003498,0.4727219126497675,0
0.6151743018990579,0.27328356797346,1
0.5845720697245533,-0.8606103066840813,1
-0.6501249113179777,0.9817516900974885,1
-0.5309712713027066,-0.6453090020122036,0
0.16490972440455054,-0.044460428630534565,0
0.5276937534715509,-0.5164374129014946,0
0.8141962359720787,0.2733884362914296,1
-0.20774587936780775,0.33755425814226614,0
-0.21667356343411281,0.2946208523452074,0
-0.10286869194608506,0.33522472897677646,1
0.7431819627182465,-0.6576925905546598,0
-0.49772478639589646,-0.8658347574995318,1
0.3798220251264137,0.657067576921246,1
-0.699146706089327,-0.23559906181421209,1
0.568789542800662,-0.665573299679439,0
-0.9059614502083366,-0.8821179617044814,0
-0.6636016716608666,-0.9393520441090562,1
-0.5969186900943655,0.5481407784546106,0
-0.45302001741040754,0.1740454274302703,1
-0.20630475885020738,0.16606538696915107,0
-0.9113653851384584,-0.6196572382293855,1
-0.11605514823615115,-0.43864303849552577,1
0.2843733379376616,-0.7319159074073454,1
-0.45871328007755063,-0.09730904386943973,1
0.9732631824371141,-0.8532409851587808,0
0.3152672212781866,-0.00773734898570555,1
0.2075719966271048,-0.7108839746826356,1
0.057385539272551744,-0.37269237382766485,1
-0.7789916249321021,0.9151820860506557,0
-0.43570420780887353,-0.025177709522124614,1
0.8146115157431273,0.8867457485998633,0
-0.6409941100845966,-0.39649909175215226,1
-0.5031747035778023,0.1538589574555398,1
-0.5947165089284496,0.9889617686952139,1
0.33012553601918926,0.827266608191707,1
0.4508873743299924,-0.07704518129901539,1
-0.8578405510631226,0.9330225415514484,0
-0.573006254726699,0.08143800949987146,1
0.935107179099864,0.17261772260847552,0
0.627187705432249,0.2756746523308158,1
-0.6190245301107282,-0.635838236408726,0
-0.06911860193695318,-0.8960084190444322,0
0.05228827514046164,0.9607630111609697,0
-0.5347620376807158,-0.887093936180402,1
0.8984921787316773,0.9018394521073259,0
-0.4026536547718187,-0.17503955889472111,1
0.07417903697318007,0.30842103673878607,1
-0.846853376775532,-0.8484092509339713,0
-0.896817299433563,0.33883324434428097,1
-0.37892447988940137,-0.8720463682876205,1
0.6949516319692655,-0.8311942803454362,0
0.10191196836483818,-0.8438984335565032,0
-0.3343295664303676,-0.6212249892533526,1
-0.4574902240636374,-0.7559097658930463,1
-0.8270964072798548,-0.15911534802717853,0
-0.9456262035838914,-0.9939904333048766,0
-0.5051122109787549,-0.10727365730751415,1
0.392388359409916,-0.1514772033745122,1
-0.4541472294814106,-0.17004187581145724,1
-0.2966598788918635,-0.22872615043157984,0
0.5197310479812589,-0.9962344276064545,1
-0.16829426500402622,0.8867872147544757,0
0.6198431395771768,0.2057269081723414,1
-0.8888149055676993,-0.04920932089537566,0
0.0632024203701329,-0.7411156193144222,0
0.26325381831810235,-0.2933240685457015,0
-0.8017813591248022,0.5803753262884257,1
-0.5240841181936557,-0.18555608265221357,1
0.6286441664469824,0.3625933415870286,1
0.01514052960761103,-0.28666613184469214,1
0.4312578957687574,0.9246787675303554,1
0.8901944777643798,-0.572387244686829,1
0.029600634841042917,0.46366998874670595,1
-0.8703900560002691,0.4470460517539676,1
0.6702409740314701,0.7908471301462425,0
-0.028832013787549737,-0.9131060427461397,0
0.9847713973680463,0.23947059774590107,0
-0.6334307953308451,0.5891873519640314,0
0.35965806336828954,0.10922592994071256,1
-0.1560116704242529,-0.8393473957380186,0
-0.9652370579038534,0.4951638398221938,1
0.44302672840015833,0.7635006505786259,1
0.04113867848886965,0.5706565008664413,1
0.38313409191143766,0.7886704390461683,1
-0.9406659268482909,0.8426069273031078,0
-0.7206280727230208,-0.6397500383111918,0
0.4091153390800579,-0.46355364064073346,0
0.14680621740685718,-0.27590771348463794,0
-0.4846565826869731,-0.009780645707309965,1
0.11554737621744549,0.9799062196394497,0
0.2938265992551068,0.9601740798444443,0
0.18934946651638196,-0.6023626169761209,1
-0.5026470490516886,-0.9984606904167102,1
0.9438662629981402,-0.6071664113113109,1
-0.969031326826209,-0.9689850272592926,0
0.2009325667181563,-0.28760177298441114,0
0.0494532410048647,0.9439652586770861,0
-0.8947700506025937,-0.10001456639665296,0
-0.9545387645640591,0.4965331138101192,1
0.14015508089373951,-0.4450029506795834,1
0.42000809435550956,0.7621933522016546,1
0.845180537009451,-0.06284968533751889,0
0.15393311815048105,0.22973493407244927,0
0.006109644232838551,0.06662285507028032,0
-0.7102992822407914,0.21525624471342897,1
0.2859450347431285,-0.8501000564300409,1
0.6137822964450463,-0.9570256912749835,1
-0.6074501726119923,0.5196956652389828,0
-0.6588710906045685,-0.7496794069834791,0
0.7086775672976395,-0.2629267970616478,1
0.45159006487349296,-0.8844773242642492,1
0.6243566381664432,-0.7357439731052358,0
-0.466832947524898,0.5875486887975547,0
0.6325458349454443,0.4178628499405639,1
-0.6398817979372462,-0.5680545735815594,0
0.9620139807935659,-0.6532473747686363,1
0.80453838486428,0.3529104052941192,1
0.6055197741293128,-0.6076542137131333,0
0.08192033601056514,0.16469374629337596,0
-0.39911934628618373,-0.0033351353073187706,1
-0.6603932767221639,-0.0016138413538853147,0
0.3308313574832775,-0.5898596387104644,1
-0.009721025770937697,-0.04063578205073348,0
0.5066927254683289,-0.9346539570222068,1
-0.06784660228359263,-0.07212124036373369,0
0.3227800690557159,-0.19771821760228714,0
0.8443008735194928,-0.5797117046832836,1
0.3537025001421812,0.2685143507655301,0
-0.7507884484428036,-0.7665723982074768,0
-0.21573011966322841,-0.1745380425906986,0
-0.6492959562197123,-0.4039138968490812,1
0.8179179674573824,0.8014917176933829,0
-0.6619959232403141,-0.6559272678630097,0
-0.8812477043593181,-0.8839937338929114,0
0.21048542836162132,0.683534013578416,1
0.43238163555338116,-0.6754182032339224,1
-0.010984904149254904,-0.09982930758154751,0
0.3662332508800026,-0.2977393998129254,0
0.8320488778020203,-0.4163468254637859,1
0.7432423505408752,0.2535965932455009,1
-0.8277943761654718,-0.11742078203727258,0
0.2041355234750457,0.5746574616695863,1
0.540994685299454,-0.45835591101867057,0
-0.9221559977861593,0.5209489062793979,1
0.999630788822508,-0.02023277470932383,0
0.5368300097126395,-0.32193184258895546,1
0.11178414931763658,0.3949502562135434,1
0.07642065055271385,0.33561092316875407,1
-0.7289552710982723,0.5954560585473914,0
-0.5283872828224774,0.9376356986075589,1
0.2989252577525747,0.08640308093959215,1
-0.22415224625937324,-0.19176603937240655,0
-0.9980983831670203,0.9884001478504076,0
-0.6519097681367836,0.39214384197799346,1
0.34244083642269896,0.7511469143266036,1
-0.8332589703042981,-0.03700245316290851,0
0.2968770083659924,-0.7257537678380197,1
0.9861968871398199,0.11076312816774903,0
0.073810518055488,-0.08911260340058647,0
0.2213292791562278,0.6132650720170538,1
0.45772000809654223,0.9696241120711764,1
-0.29218750967477125,0.2055074614335306,0
-0.04655806449808253,-0.5944721910726138,1
0.8976021765286679,-0.00024974124669574493,0
0.9460878635698131,-0.6739715246461742,1
0.1354431604721824,0.8289394117509228,0
-0.8936136293472792,-0.4504915992552341,1
0.7849045454908616,-0.40558520975335344,1
0.6790226125262788,0.3648793206309531,1
0.8760775049648664,0.9847475314085443,0
0.9975440246442298,-0.007243402391506892,0
-0.47428715356870543,0.5501019125859239,0
0.20559913806956742,-0.5921057051576752,1
-0.19242449915450566,0.4247971576275946,1
0.14351414648268856,-0.6985347510438618,1
-0.7196245568112125,-0.6960081933897451,0
-0.9521115955781259,0.4319254699688009,1
0.9019988447191762,-0.3799645047293161,1
-0.14714119943110204,-0.10554275203789332,0
0.12060107704980916,-0.7899182355376577,0
-0.47681498604994177,0.00859027471941265,1
0.7402307025072121,0.7269323571891748,0
-0.17573466613591449,0.2822256237471208,0
0.5582178030592153,0.11549894494283786,1
-0.00758838880862478,0.7949359533467335,0
-0.7856297749318786,-0.8229144764087402,0
0.5351068367380072,0.004776777228772788,1
-0.6444639550002889,-0.11207116209115697,1
-0.17936822105021055,0.10793268171308612,0
0.5397386665079258,-0.021577450160115808,1
0.3860139294901548,0.6413600955308256,1
0.9784397903875293,-0.9329739302726492,0
0.5554996029285884,0.49016635712593315,0
-0.13805030774237026,0.8082545515553623,0
0.6522599292512608,-0.99471945728355,1
0.023040509761372396,-0.5629731400818807,1
-0.588741577863928,-0.9040043885637072,1
0.8842907973444942,-0.22612758490701057,0
0.21051961093810911,0.4476079821831025,1
-0.5531753463757021,0.5554852897805949,0
-0.2759158078111519,0.046745618473088335,1
0.3036406098551341,0.24257604771622177,0
-0.3888295997188751,-0.7357539492320833,1
0.18008014275581985,-0.3045062510878105,0
-0.8740534510660458,-0.9780348154385172,0
-0.06560933716199835,-0.9847503265195712,0
-0.6871892682246041,0.7691543312614149,0
-0.5092594266988324,-0.9801019261040123,1
0.4128841322459196,-0.7335400937316898,1
0.4778794592857416,-0.06086832353207283,1
0.8296392651280395,0.42066722755095665,1
0.7207804124766812,-0.17450421833867602,1
-0.8093896202724566,0.423793564986791,1
0.08053166741616558,0.36668507145588825,1
-0.9062895680312653,-0.7808068655062712,0
0.4424443412614789,0.19797847142954628,1
0.885528026998766,0.155796246629345,0
0.8285655977800117,-0.09745504232903168,0
0.9853630388935728,-0.6263383410182439,1
0.2789483418808847,0.971337744154418,0
-0.3192010983181648,0.99855258733732,0
0.2314183036435542,0.7501489477240386,1
0.11044488911129302,0.6274215261218397,1
-0.16754371385066014,0.10463184871939712,0
0.4695934725693349,0.7203344437823689,1
-0.2446891646505116,-0.9872064423720959,0
-0.33244370138700385,-0.42411542604416796,0
-0.07370058059762075,-0.8595007436688642,0
-0.4270961394924815,-0.9671242266918596,1
-0.8446903043298861,0.7237610340700034,0
-0.9287367363859189,0.38591869070761553,1
-0.11701065083440154,0.5812832439501552,1
0.08591463601119131,0.1417035244117555,0
-0.768726829063654,0.3125798393099719,1
-0.5215188766621337,0.9167985030174237,1
0.11737497960651044,-0.15983416007161333,0
0.8032712421385833,0.5556493005088923,1
0.6228461288562326,0.6307075938335638,0
-0.647522322409412,0.57024092348652,0
-0.6638428242117953,0.6778240907431976,0
-0.5672594493783378,-0.019788471270161034,1
0.830242700547116,-0.9560078407488093,0
0.24826309482820363,0.1787964715174395,0
0.02547483956472507,0.4061186864239845,1
0.5234093299504139,0.7695882783113177,1
-0.06692702805768924,-0.1508725522182257,0
-0.15946424415780425,0.5486035382605703,1
0.9368441893425961,-0.062456818684500925,0
-0.6727248393145995,0.1300594765186931,1
0.9210672889692426,0.5397292511162124,1
-0.8078990037728604,-0.4104525089848934,1
-0.41631505871618124,-0.9375565849129193,1
-0.47877201636002975,0.44984409963809124,0
-0.060675943473416094,0.8663352088025065,0
0.3307113826012693,0.11208711371853974,1
-0.6254327400123352,0.31232558672941657,1
-0.1985245280590271,0.44358055224778714,1
-0.6308918627952835,0.34779977055041544,1
0.3299279230164607,-0.7528874596123813,1
0.4427271929330059,-0.07843230822056757,1
-0.0466904986405805,-0.7836782855039814,0
-0.16736726558547388,0.6906715205481164,1
0.38560812727835736,-0.42553449199571425,0
0.790289582708031,0.09530566162394982,0
0.9101117070138487,0.627421513122308,1
0.22848689858318627,-0.1636234037160016,0
-0.8872877992935007,0.03978959944223859,0
-0.31875180725965535,-0.3528005723518801,0
-0.343394392682437,0.4708910211782549,0
-0.6421815039816718,0.5760030933914542,0
0.32654490706254347,0.7210266628872697,1
-0.19001545821995203,-0.2650086269745071,0
-0.26177012804638755,0.2627084573253866,0
0.8264663561154131,0.7630122864833822,0
0.4562758277272456,0.43001364318024105,0
0.2847019087496523,-0.8019517510784531,1
-0.6591689145547499,-0.9453612320541909,1
0.7283899715865259,-0.7623283354239487,0
-0.753518800878122,0.2461302747365044,1
-0.5766281516764735,-0.5836843425877702,0
0.17777812944300453,0.7139254492913711,1
-0.40386363355012844,-0.03129780711675778,1
-0.4372617427039671,-0.15479204785608647,1
0.025252464012992748,0.6690727700446204,0
-0.695881009483057,-0.3628977108052085,1
0.9723219493044457,-0.23781927343575915,0
-0.08694252330026386,0.8395112014688715,0
-0.34426880674732785,0.23086440399732533,0
0.15601853455582004,-0.8953521375572222,0
0.799875033228391,0.8787827340212573,0
0.47706512355757713,0.04989369719578307,1
0.7059860810777907,-0.9510480203968894,1
0.9187467085577328,0.4841880318036491,1
0.14528037331882504,0.25881121330416645,0
0.039662364756509305,-0.4037864878725401,1
0.5457106649157766,-0.457770158918537,0
0.756517184108733,-0.3778174467398674,1
-0.6208591615281096,0.9376635789428573,1
-0.345534454181712,-0.9948397043556045,0
-0.06430643086333587,-0.8497151654163106,0
0.14459015977183598,0.9609362661382739,0
0.6954576833946438,0.4463578098825005,1
-0.43874848790236465,-0.35821075928254853,0
0.4521070352494869,0.07937391052707854,1
-0.28141667553726446,-0.9916581210362692,0
0.4748881255599626,-0.8324902197914021,1
-0.7828912550083968,0.9028526212087511,0
0.13784163535295946,-0.21163774507609712,0
0.054677457928885564,-0.32490550017607434,1
-0.793449945451868,-0.9174144466070431,0
-0.6701334682554787,0.6781330979963076,0
0.9202524254743816,-0.8728130146604656,0
0.2191841077011265,0.1784240070227896,0
-0.263380672607364,0.010074139999401321,1
-0.6177340022821511,-0.1541658096361196,1
-0.8356790215577945,-0.2797720881312893,1
0.2581963696992007,0.5295824965253908,1
0.42087837417183227,0.9761185424181149,1
-0.2984281839362286,-0.5936081996682434,1
0.8224970530270441,0.29057923483274717,1
0.2638194155339322,-0.9967524660553351,0
-0.8094326902234192,0.5462610994911672,1
-0.2956090284516353,-0.3726764674835221,0
0.05104966587818205,0.05978354975460842,0
-0.8661039034705789,-0.9708012864751021,0
-0.9354391843397598,0.20699344485665083,0
-0.18535930546603696,0.18803788433658797,0
-0.013670218082694863,-0.4617488427896608,1
0.9008172102620764,0.20387474355562785,0
0.7457621735348261,-0.042078664851501024,0
0.452516063923067,-0.005003983235588816,1
-0.8605315358698324,0.7995537342281807,0
-0.63844259282023,0.42520884197233166,1
-0.6505460829914602,-0.9711787039356423,1
-0.957552086976976,0.07618998214251005,0
0.7058374641164951,0.8135971310242018,0
0.7900621620670576,-0.9169979169705598,0
0.7925096256675264,0.3635082428726464,1
-0.3670656952505831,0.4854914697667976,0
0.05428726878961809,-0.5269502156417152,1
0.766810337893888,0.23332574891080582,1
0.5323832266042159,-0.26710727196938366,1
0.08082323980680162,0.39635616890726255,1
-0.5252370595166849,0.9393280721829,1
-0.8456981498847636,0.5720424887325517,1
0.8731445329233294,0.3357724008147005,1
-0.2807587055306635,-0.5114883664229128,1
-0.5077294962717975,-0.908604529939177,1
0.508037043941467,0.25050899979106855,1
0.6503510065896594,0.6889663515527162,0
-0.869992259090864,0.16479402540668864,0
-0.0805796905413374,-0.0953748232460665,0
-0.07174377185753555,-0.7199818013841082,0
0.4836154558222756,0.012984069525867392,1
-0.4642486461976256,0.37831592195929176,0
-0.40221099015480544,0.6765288367147391,1
0.11265714531874438,0.537221129978747,1
-0.011089812242824015,-0.8041752383186005,0
0.8904009653725968,0.1915405178855889,0
0.509392351031035,-0.10552242883930218,1
-0.5192976544355477,-0.4154462719353853,0
-0.17402680524455016,-0.525259519049049,1
0.32662593322591005,-0.3223156455657443,0
-0.6200619559958984,-0.39214944169832844,1
0.8095757407738602,0.6878004056709206,0
0.05911414825102512,0.524156262296037,1
0.7207300251863531,0.1795762306256692,1
0.21568361013502724,0.25078956469852653,0
-0.0763693036565336,0.5766996222035838,1
0.37193604706726213,-0.6322985778318029,1
-0.7083303209306699,0.1677644776531504,1
-0.8450651124039195,-0.9820094950840947,0
0.01825908668660703,0.37165872741175643,1
-0.1127852430791012,-0.9519892802686167,0
-0.7598561477189523,0.21259369483201906,1
0.1486072313080269,0.690436946264575,1
0.6832024997921597,-0.24353361392455186,1
-0.9592724879822179,-0.49835348036376925,1
0.891267986526477,-0.6601840817133966,1
-0.10450118063299718,-0.03909570467430501,0
-0.8200801864456226,0.6831356622507505,0
-0.6462188943900955,-0.09453077840886781,1
-0.9976801365274703,-0.5922868509813526,1
0.9253102961784969,-0.9845343620178959,0
-0.056764056167096566,-0.5186358822433332,1
0.07062918760740278,0.7224367570851447,0
-0.9584450801983406,0.6673626734673503,1
0.48438602391118346,0.9134601807782716,1
-0.5751734191936384,-0.8542739929515437,1
0.12121152259297396,0.14068093178855268,0
-0.3138150187690232,-0.6899501943050048,1
-0.6429951946047416,-0.5921304141829029,0
-0.12234127950290619,-0.7704898450613562,0
-0.027879113903905406,0.3523341640479687,1
0.9312671641152865,0.13658865733786119,0
0.1311222341352467,0.6326307661565773,1
-0.21074390900842555,0.8889007864249721,0
0.6605395560893792,0.6135190342148702,0
-0.9326829405057051,-0.9998318403770698,0
0.7363229792946309,0.34956455751721793,1
0.8044890942572422,-0.6916507601475166,0
-0.3932559926435253,-0.5148460562137418,0
0.299995522153373,-0.7769301186966822,1
-0.322248406574537,-0.2432937393992194,0
-0.8781282768389693,0.13850921993691467,0
-0.6891127715940699,-0.7334353088408139,0
0.2384343271914089,0.28697804509599956,0
0.8163380469950989,-0.9336044307431748,0
0.9043474735828216,0.11928099697422412,0
-0.404504032148884,0.15006958926987224,1
0.15361463063898229,-0.7902972027720987,0
-0.334100618824843,-0.6873267731691728,1
0.6682159699155228,-0.4384901091060076,1
-0.28526044944460005,-0.05779828525379127,1
-0.16783390140972032,0.14987788660785673,0
-0.8943156505612251,-0.2268464890864379,0
0.013492678982306217,-0.07483578577776728,0
0.796252009713236,-0.7890730596815865,0
-0.4963784391490793,0.49600807597766305,0
-0.08367358726903373,0.9484705618724203,0
-0.7785315844895508,0.7819956717159788,0
0.1551000714909021,-0.13134951622900748,0
-0.1044270910955174,-0.004041071290772358,0
-0.7478848065286758,0.3694352190911232,1
-0.5434500655176069,0.3057243473775113,1
-0.2388026123319682,0.13751282050430147,0
0.1390260441836726,0.11108295849247041,0
-0.8829037152831729,0.3932590559869511,1
-0.48787141239423804,0.7042638731878814,1
0.34599924020638406,0.6414454124081514,1
-0.12598066346373926,0.4076158306426192,1
0.6550196523014371,-0.23902205195266157,1
-0.23432728820379323,0.1315352477744367,0
-0.9549354213446541,0.4781932215348572,1
0.1328727819610278,0.04755725476331896,0
-0.3277552930554375,0.033337141821649485,1
-0.68644185597811,0.12126278736686324,1
0.03156801015993915,-0.817431490512853,0
0.8992481170927786,-0.15923952074452585,0
0.06320642696431489,-0.8730566047769719,0
0.06381906966089335,0.7017016790543853,0
-0.17938251173845465,-0.6012523506997882,1
-0.6895295891125568,0.704084556338791,0
0.006253634622267246,-0.14138848126669612,0
-0.031685666637529364,-0.47658905307763644,1
-0.974377704081054,0.32871538031294145,0
0.8281862448400221,0.17537058721841037,0
-0.09396956229875197,-0.5813409964490464,1
-0.958390253006814,-0.022474708680139344,0
-0.4442592505407619,0.8866754063642137,1
0.9635248059635011,-0.9973555817696131,0
0.39904692573977907,0.6124760706231596,1
0.19738921047658398,-0.1443182504305991,0
-0.8631008475418089,-0.3571974630421977,1
-0.07730719587552493,0.2087076563319512,0
-0.2657066831348356,-0.39098476359110546,0
0.3993303390248406,0.6763183923742635,1
0.8215514405560356,-0.3758795977467637,1
-0.3728200503696233,-0.2903889147266847,0
-0.358592263869717,-0.7622626170676374,1
0.45942092822037717,-0.2281997496153818,1
0.7895745826686467,-0.41727478986432764,1
-0.5293399091858997,-0.9407420341084389,1
0.5623294802088794,0.9538479408873448,1
0.24827264870706656,-0.33858051751695717,0
-0.576770946315132,0.9820611282970435,1
0.22924728989029264,-0.9192624695167853,0
0.671181627576876,-0.3305122463594867,1
-0.11657234144692596,0.4492295306393088,1
0.7465771820587144,-0.5051210052124755,1
-0.5163493537017763,-0.4730128222357015,0
0.7335512972538387,0.7111799323049566,0
-0.4571940621927164,-0.18657610320542983,1
0.6252641241606351,0.22321124706306894,1
-0.8373630718707628,-0.01091534983945075,0
-0.28749609066147985,0.502159857561673,1
0.9393029140937781,-0.882471743835552,0
-0.8384321247823512,-0.11877198358606011,0
0.950992317932069,0.5952074225652373,1
0.7068813120770079,-0.3701180588764674,1
-0.09474329893245681,-0.38953459163142234,1
0.7557329488886069,-0.2544159009325979,1
0.2766039718063882,-0.39341328577152024,0
0.13665188727665512,-0.8765918770218153,0
-0.4522499125721129,-0.0834862261050453,1
-0.454946329817828,-0.3325892852287726,0
0.9302211164848615,0.26487372794876607,0
-0.8264876139103539,-0.2673441138769084,1
0.19038763589951535,0.2691835694645801,0
-0.570544999274538,-0.6470237667107497,0
0.5064735220138785,0.59153858445254,0
0.01702477439631367,-0.024383867163007,0
0.7206318039028963,0.8267036738616222,0
-0.27214647791252977,-0.5782132938401123,1
0.08643592254272314,0.08607860178965354,0
-0.07143791138200029,0.4573372397150519,1
0.8636445193778575,0.1279358651223097,0
0.6062089117899649,-0.6583364249916226,0
0.6033506166294713,-0.7227617729718467,0
0.6433452600952425,-0.8592691041261389,1
0.0016251545918668509,0.3112263605012997,1
0.5640991952094876,-0.5626617182364386,0
-0.05030230489103271,0.7359524748706665,0
0.4858358506269418,-0.10154284010525116,1
0.5629308974177876,0.796633684528177,1
-0.3667671514871267,0.6377197169768336,1
0.46053411873223626,0.6000530045721588,0
0.5380675697558246,-0.6225708958054543,0
-0.45803883354392694,0.08325483546911161,1
-0.9799573630551306,0.2132677341883693,0
-0.07072562916885738,0.4695609844122117,1
-0.8104172034638424,0.2504589592411257,1
0.6012472138632856,-0.9162901116372264,1
-0.9697513573258372,0.2137657846204255,0
0.1722957407302057,-0.6591607302491038,1
0.2016319944958156,0.14193091262115032,0
0.9621861308335591,-0.93985203401119,0
0.6618941005917514,-0.15254640408507547,1
0.10333461073201322,0.9478424093871103,0
-0.5971085768065465,0.6052606863690073,0
-0.4996776169880408,0.1531877483394215,1
-0.13153487550446052,0.7685059875539701,0
0.5599395533326326,0.2803919814606295,1
0.5724094804442912,0.8575370372046771,1
0.6323712327081628,0.4993463164647278,0
0.02805705033447614,-0.5425816882049834,1
-0.3037062209828105,0.5467762358219233,1
0.2529087326449093,-0.7543594301066825,1
-0.6259775339525784,-0.22380880378312096,1
-0.6323269593977938,0.7373259060006183,0
0.5418945043037549,0.846393282026646,1
0.498214311491457,0.5356871690617613,0
0.7446109417972224,0.8268201054803257,0
-0.4054438195540766,0.2904465356732917,0
0.1299165122302013,-0.15551950651675361,0
0.888956282766816,0.2205726622969939,0
0.23052719426957835,0.3690463997048392,0
-0.9434960551667047,0.5853860433447933,1
-0.8470232182444402,0.8907100740213978,0
0.841398116291487,-0.46726738915810895,1
0.5028036004492766,-0.14387109899654194,1
-0.27540798285650325,-0.5980645432279668,1
0.6900006666616698,0.680980583781674,0
0.42838386499542525,0.42797996454233433,0
0.3294542538367258,-0.7912909083377093,1
0.5387096782715088,0.9915319009177026,1
0.3325048708002243,-0.5909863354529121,1
-0.9602951195909499,0.6513809215930384,1
-0.3468929070386557,0.7739013076630725,1
0.4230627801159026,0.9621135018507931,1
0.2979584823374255,0.5688800613325968,1
-0.0020597607600034706,-0.53396518637077,1
0.035812004608531955,-0.7516033461018738,0
-0.8615204100212961,0.035800703198764605,0
-0.5945856744815969,0.3055076421748357,1
-0.7696124304727121,-0.5129500344373144,1
0.24660325173325393,0.9458986434235044,0
0.34887666940737305,0.7224512464557888,1
-0.9877151297442914,-0.7413324444139431,1
0.06050064262471744,-0.5094691110989744,1
0.11872410274256695,0.21683652632748007,0
-0.6588931401903881,-0.63066385375972,0
-0.36786438006625377,-0.23469223979273002,0
-0.004844440952876949,0.7638900423380894,0
-0.17783449560518205,-0.4312585520113916,1
-0.5926790646793461,-0.9010906582202478,1
0.3437763091242414,-0.7341641869397308,1
0.20815978851375827,0.10000432546626326,0
0.8793358385863899,-0.5161728067520817,1
-0.8549319765558829,-0.3038164244265549,1
-0.40398335301806476,-0.9276884756699446,1
-0.6707477380599485,-0.418846743264464,1
-0.22705348304910067,-0.9719757323880813,0
-0.012012387089171739,0.9704225248821219,0
-0.9365754986573607,0.017581190517375722,0
-0.11080190216396169,-0.08702488271173192,0
0.8225152195302492,-0.48940428792747137,1
-0.19080450693465023,-0.5626625592561636,1
0.264458953732988,-0.8240267981079235,1
0.46447819036928517,-0.552902994538546,0
-0.1559061998072624,-0.6560215428499157,1
-0.5281057049974822,0.8835719269965869,1
-0.1746707670703136,-0.5784788169896018,1
0.3364679336014236,-0.6191781821592084,1
0.3942190097999425,0.5144467460201572,0
-0.7149715959348415,0.7327941550266288,0
0.5716172813317886,-0.35941294722847505,1
0.13225628563524983,0.06633130826268752,0
-0.3072143617729479,0.23373633418057405,0
0.7648990002473115,-0.109579985500045,0
-0.5465684027997921,-0.18668593151389845,1
0.09853091401242398,-0.6550792109268555,1
-0.01616691555059413,0.07135496254563956,0
0.9872416291485018,-0.4511659259928471,1
-0.47856560963429984,0.7746446610965503,1
0.5808788315067233,0.1205048153127608,1
-0.9776327478521434,0.13750596781507185,0
-0.7430146560502302,0.025389243912248283,0
0.3188802654222407,0.8389011833065891,1
-0.9235478854865686,-0.5955654290391028,1
-0.39831318480502165,0.3624214501220584,0
0.19746658927655703,-0.974870728080361,0
-0.1812440543502143,0.07142538541412136,0
-0.8905921116941364,0.4420947936632975,1
-0.4564570222119546,0.9650023181159988,1
-0.68723388924319,-0.14642052194450916,1
0.12443423871476011,-0.40616159408614005,1
0.8312580292897946,-0.7358073371961029,0
0.8364535506917332,0.842420238947204,0
-0.7972474707453467,-0.48071806142253326,1
-0.5830836218828781,0.261141323176479,1
-0.5873465383159528,0.8617059397775646,1
-0.5927996722707201,-0.5280790848799004,0
-0.8253730092715581,-0.9125522070292202,0
-0.8230313205610649,-0.3486239788478511,1
-0.39491767535198363,-0.1379179661403005,1
0.3747516330571756,-0.7065565441627866,1
-0.02314851250884331,-0.98353550481787,0
0.08676463892587738,-0.49047211172257343,1
0.2737304855277296,-0.26619890727569073,0
0.11614011525798507,-0.9639597521435186,0
0.2691011747585166,0.7368479016048837,1
-0.1928229011106748,0.5824915525154113,1
0.7254769198094382,0.605150548531094,0
-0.0067270521736852995,-0.08386756930351069,0
0.03354654532040757,-0.6880449050742441,0
-0.7675344331589318,-0.42896490752791494,1
0.6121689085070408,-0.7039776063279524,0
-0.6009176863113679,0.9765454469278121,1
-0.8572221238872368,-0.7757271430311292,0
0.3397166591661622,0.6329828188863145,1
0.3225735707181765,0.6543927599473898,1
0.7101694005197077,0.06973880229132523,0
-0.8785464045398548,0.5264476856661306,1
-0.861686864254922,-0.6448507703368773,1
-0.23242086706812914,0.6805353796595175,1
0.04007351157824002,-0.4728325000902658,1
-0.9369008687018441,0.0645397966271315,0
-0.37808983884304737,-0.09940809586045818,1
-0.545872310172455,-0.17763025769302132,1
-0.37799440421253605,0.06897919234881189,1
-0.3805455897543195,-0.8514023413381477,1
-0.27774189481989775,-0.5321060225121781,1
0.40984020549105904,0.3484845683559279,0
-0.7299602516892507,-0.6807968185421343,0
-0.08978543274450224,-0.08826079382252261,0
-0.318374171953145,0.5366395608589691,1
-0.6128481457698287,-0.6684240178752776,0
-0.8895378835329213,-0.34125231212163665,1
0.1837542565409056,0.26156451283172255,0
-0.5154487359104349,0.5212719207388636,0
0.4208195656287086,-0.9813434562127992,1
0.3852465441624333,-0.8893504831405417,1
0.4527064898956099,0.44616889497356604,0
-0.17889042779718922,-0.07765873507714294,0
-0.4661000877333248,0.9708129906088829,1
-0.8711572396341487,-0.8393199290436717,0
0.6915250863408058,0.20861212879829005,1
-0.23978173231477862,0.45203707481440425,1
0.4118507656428143,-0.43209487865663565,0
-0.9692598982130305,-0.5848027077735396,1
-0.05883831135598094,0.3610141092892325,1
-0.799152614507106,0.001269897649454066,0
-0.25521887173861235,-0.19933526700458937,0
0.15522040073638155,0.9697280645436599,0
-0.8942691276344585,-0.842989703250234,0
0.6545387346043285,-0.18305921399654945,1
0.594438093109289,-0.18676605735479335,1
-0.6992800854312238,0.4631927292492657,1
0.7207716206225117,0.4266765125540808,1
-0.8271286493806989,0.5450010159212721,1
-0.17532398280206052,-0.6643420879056263,1
-0.7774661628343784,0.45083506090453285,1
-0.3648111748977163,-0.7582857830485805,1
-0.7738114456877532,0.2757596385171004,1
-0.46909957807773717,-0.5493855817894617,0
-0.8663211444469707,-0.813094459876476,0
0.10614295461467771,0.02174454526561931,0
0.8348231860426087,-0.8666158694173445,0
0.7307303567439267,-0.5120110308229866,1
0.15178377562651968,0.46599973232758285,1
-0.2027363525929018,-0.20232467467799742,0
0.16539144284229534,0.30188996431608595,0
-0.37685624387375816,0.14522530304799552,1
0.48448800949974946,-0.1011120985447107,1
0.7749115093814496,0.0011291285238341775,0
0.9571711773901663,0.02070228560932308,0
0.6594004827314992,0.9336682622790546,1
-0.7201121624444788,-0.7208484650863651,0
0.1750825379182126,0.3015367219620775,0
-0.669063068747225,-0.2689470926134432,1
-0.8922224207586897,-0.9165661306624451,0
-0.44440005724374965,0.10203192074246492,1
0.7999271144571491,-0.6588611352454283,0
0.36165452267109255,-0.2528822146434393,0
-0.33608059089327247,0.31968338467465207,0
0.9525106686125917,-0.6029742520700201,1
-0.31612503749847676,0.3285499081073433,0
0.9160301422221775,-0.23964220117907709,0
0.4954639230022222,-0.41834687567092943,0
-0.15687406221023936,0.8306349960466781,0
0.11712616478041316,0.39136923811243873,1
0.5137304813781005,-0.5689374655827462,0
0.696374964152682,0.1616977081712101,1
-0.6499350712002174,0.6532722643024182,0
0.17718585055265557,-0.4890247293780985,1
-0.48243776631759294,-0.09561815901458548,1
-0.4559889516529665,0.7601055213017915,1
0.11653504185652852,0.09315532426417739,0
-0.6185045945868453,0.871467774181619,1
0.2642170083017563,-0.5534779731781949,1
-0.8073211451758211,0.5914953110031158,1
0.38595639832441564,-0.6270487782776875,1
-0.8572731571751275,-0.4101840186469663,1
-0.2448211498129309,0.46641336437924075,1
-0.8527811210919642,-0.4279985058755911,1
0.7823959185736233,0.2436901763100583,1
0.24268179364097353,-0.9696112061739026,0
-0.6100719207916123,0.504478881160612,0
-0.04194040645933117,-0.1493926620049979,0
-0.5838043035447256,0.3676733203140694,1
-0.5022194152710584,0.5462958431664611,0
0.2887479683864942,0.7059431640158573,1
0.17048706253837254,0.12721440604554624,0
-0.31580512547256845,-0.0254103357166382,1
-0.2571129420193303,0.9027479071381057,0
-0.1330706962771584,-0.044936492789256155,0
0.1714762071915319,0.5479292810433429,1
-0.9743121041018687,0.6705067701567169,1
0.5821970161339776,0.8673170785454678,1
0.32978940641041166,0.22787413719810234,0
-0.43162954311560053,-0.30324554315763264,0
-0.26116523689977944,0.7896410781252581,1
0.04637195731285737,0.4886295847035471,1
0.418286186470495,-0.4386503764354117,0
-0.5178314680933347,-0.21368566345109175,1
0.7850219022225218,-0.5580423584831216,1
0.35785490603645953,-0.6687753974628527,1
0.6891307927515904,0.6043656777317146,0
0.47923215953199727,0.8179536736982969,1
0.9809063386494175,0.43313457364385854,1
0.8892523155630905,0.4183491883303838,1
-0.2873430035782134,0.7284533221331726,1
0.41769626671070026,-0.6728637606805044,1
-0.20974970598839393,-0.27130133419199853,0
-0.3404965816509189,0.26046013134764046,0
-0.778722987924769,-0.048007526189435046,0
0.3814129549917882,-0.48677181184840834,0
-0.23588878431641902,0.9259572857537854,0
-0.7578342335422592,0.29732917255394953,1
-0.13358529369969263,-0.7790972396699878,0
0.48792341945705764,-0.570668890636411,0
0.5239562480809792,-0.7396624696797556,1
-0.01807813009655246,-0.07353581070422033,0
-0.1225144005197738,-0.02568284997992909,0
0.04286386414775123,0.6840592434159392,0
0.46769165042117966,0.024433260167240345,1
-0.27035343693251646,0.6511135707361011,1
-0.4112860160993701,-0.9577616534505062,1
-0.6942872421928947,0.9876007163306191,1
-0.05652195387145165,0.02221556959115656,0
0.2651720795132555,-0.4933969030756251,1
-0.9154828412171625,0.3634857432020162,1
-0.743084707503114,-0.6526692217110472,0
-0.983381429663599,0.33193704338239116,0
0.7362248792860704,0.014926806098689127,0
-0.8832782327787858,0.5105384121566705,1
0.5540779202216692,-0.9621372110933508,1
0.7726447445159306,0.9935788183229166,1
-0.23456144097107723,-0.15888755151901934,0
-0.7736767743130553,-0.4490345590280831,1
0.1395922228784161,-0.03819440403160712,0
0.28551237157159703,0.015564917001726686,1
-0.2778839169452092,-0.6223303228196109,1
-0.35723388783508736,-0.07763311122038119,1
-0.9909211867633432,0.02262653460599484,0
-0.827759981486335,-0.893575443630779,0
-0.7680728360045797,0.039878602169198585,0
-0.13245926340962022,0.9218568451457991,0
-0.6335398163861414,-0.8985671457005544,1
-0.6200457627865688,0.6427634339722308,0
0.8538112807291469,0.0587354494317176,0
-0.3373011569888973,-0.8752912177585042,1
0.6277742346819353,0.8506586571147325,1
-0.7924429122933352,-0.07314332003601298,0
0.31296375173485136,0.9576039790487647,0
0.9781314330510718,0.15196092309213594,0
0.9125259609930674,0.4236393545035231,1
0.9981481244016206,0.3599992386839339,0
0.8773092718579583,0.10297469177239993,0
-0.5979130727427535,0.2961759742942158,1
-0.8356145906159227,-0.9034933405056311,0
-0.1524777291630779,-0.8410240889525318,0
-0.7711006284223263,0.41012318550724114,1
-0.48472446177478457,-0.5384723487868046,0
0.3078613765049478,-0.5338255451912708,1
0.8687767691742929,0.8423776563318812,0
-0.028317238759145713,0.3813044301877102,1
0.04629901844873574,0.32087074979835695,1
0.42925674756760657,-0.4288829870729365,0
-0.662466386472174,0.23356809649214139,1
-0.19911700355311712,-0.18840269022125922,0
0.15827863088613836,-0.6708897816723318,1
0.6417995346796954,0.6352073882929956,0
0.40566078180686604,0.1802772761649638,1
0.5962254405159979,-0.1614811906972724,1
0.9681554644143111,-0.9058772098135905,0
0.21608795103094858,-0.5870954048377497,1
0.46040084272757187,-0.5427673858538036,0
0.4915055856464938,-0.027741533407129815,1
-0.2912549110221556,-0.7300943405552678,1
0.24863710901629577,-0.2523475974228899,0
-0.5918469355177776,0.6267757109509084,0
0.41422556551762635,0.5479221459154,0
0.9893247283015072,0.48440132828763827,1
0.7782520773526314,-0.28726023864782313,1
0.8062173158881112,0.3893795881656066,1
0.23302644236566228,0.33920120709795176,0
-0.10392705724827778,0.0454779363967146,0
-0.5179775042501016,0.8995834097885156,1
0.005118190112769705,-0.11498665892609172,0
0.6988203689674815,-0.9347487802210641,1
0.464856857695674,-0.7849326801256518,1
0.5960009797617445,0.8244956670352872,1
-0.5223344823508207,0.2785841842984935,1
-0.8142408858128503,-0.5681263323747614,1
-0.3958209077920929,-0.678010169837109,1
0.9352624173853585,-0.23765093792590775,0
0.09523845483538085,-0.6488352709964538,1
-0.5814990617406348,-0.8850132635021841,1
-0.818827715236657,0.6954148747542082,0
-0.26678509453731225,-0.5383033179134797,1
-0.0345970615334823,0.7621539733662923,0
-0.915258930841822,-0.8848721893191576,0
-0.6990762876552863,0.32829795883571333,1
0.16628343258890887,0.1684510243212134,0
-0.01792232337327926,-0.27871778237833467,1
0.43955960726050325,0.3138451689318078,0
0.16161811247510238,0.810409629239631,0
-0.00957215524906263,0.1023690088660123,0
0.9355093285098133,-0.27120388432689047,0
-0.672821660993826,0.024829675606772517,0
0.8097233975004139,-0.7189475732526274,0
0.5122840805064119,0.4023845212503734,0
0.7500995383157538,-0.7576571320813339,0
0.5922418935227924,0.9622338057016127,1
-0.9788492862429896,-0.030667920580588204,0
0.14901902437631942,0.5406833918347071,1
0.9411755111391467,0.20750953516988901,0
0.7222402294015458,0.3225448071050263,1
-0.880191634143203,-0.15038954559023687,0
-0.8559895906315089,0.012537138406729653,0
-0.37680028841539315,0.4909641273341556,0
-0.9301603138543975,-0.2570776582235892,0
0.8781458014881023,-0.3369702858198813,1
0.02122437297227142,-0.26182202926133225,1
-0.681930383507571,0.7561847246045659,0
-0.9919570855317745,-0.4555418017964814,1
0.4879522877260287,-0.4203573096310811,0
-0.013366443012184037,-0.09605604495795639,0
0.9850804247908611,-0.03730274673982481,0
-0.1478285591652191,-0.9472527711560386,0
0.8783005536794342,-0.3243341497893957,1
-0.29915251206254667,0.5430358909429329,1
0.9361805462465052,0.9063300688265954,0
-0.0028211611078223786,0.47471881108024294,1
-0.2018444045862553,-0.2707973532662158,0
-0.7291672803530418,0.643593994242357,0
0.8434526522780668,0.41151916437237324,1
0.3686499708084423,0.5079760025579676,0
0.8200536253855246,-0.051361799732724256,0
-0.5669072441360425,0.1255342340414991,1
-0.4757872441890607,0.5531214121145387,0
0.3832656776187713,0.12995168910071841,1
-0.723778272534614,-0.2045466121260613,1
-0.42700254209749233,0.16570303092457106,1
-0.5968870045464536,0.6945915960860436,0
-0.48274048511019263,0.5001927424661714,0
0.817547420085077,0.8393202164917521,0
0.6118864836030522,-0.31642529226544447,1
0.3414208968596768,0.7514006337168926,1
0.2962448423053672,-0.3732201657239529,0
0.02331057093424249,0.40228256405258156,1
0.25456836933193117,0.03866460469074151,1
0.4566975618542546,0.059425032258335175,1
-0.5265568316480593,-0.8030398317739253,1
0.7431183317660202,-0.2678956004638231,1
-0.7979952866119777,0.8937648439582317,0
0.6643343843004523,0.6327930003593214,0
0.42139084791962045,-0.6390796573083108,1
0.0993129322997488,0.8265951831954235,0
0.11860559887669475,0.4907537255679906,1
0.42636308474329865,0.47021951275934826,0
-0.9781331762270109,0.0751037424295038,0
0.6298772410345495,0.7346219215458032,0
-0.6488636041751432,-0.5867944761988815,0
0.7447075355082275,-0.8414837355856615,0
-0.09743613399678286,0.23270622413400854,0
-0.6125436164551692,0.3868860601890596,1
0.03775126136761031,0.25224060491326594,1
-0.06272268572407413,-0.33604278916897035,1
-0.17011128867061753,-0.15858937907122717,0
-0.03844808650528053,0.31669352818735397,1
-0.22756241417623713,0.19758239728053417,0
-0.5364183557652613,-0.9410507470572258,1
-0.3001169868999489,0.4107121458614684,0
0.07674548453520247,-0.9308981691091862,0
0.12068806501205631,0.434600480759298,1
0.5497821343614759,-0.6618250731808428,0
-0.4997337988347572,0.6224532937366536,0
-0.4141507250881533,-0.4425820588731244,0
-0.7120890055484592,0.1964348108464895,1
-0.19950641107760858,-0.8919513111559805,0
0.9203646761180153,0.10165854128142238,0
-0.5133519272028761,-0.19755336053780437,1
-0.1863794365782716,0.5226753030766815,1
0.3910521327547274,-0.49628576580515715,0
-0.01999283757811332,0.9072520346464212,0
0.018528070190816148,-0.8575265494286681,0
-0.05170568073173287,0.7467118586224328,0
-0.40553449539211806,0.17711467639240563,1
0.8962559911844048,0.7963082775236157,0
0.8311201632586858,-0.3899552423428385,1
-0.21279965178075821,0.9447642965180649,0
-0.7372258678206114,-0.17265305558064048,1
0.3432631447251009,-0.808698063443158,1
0.11897715185191582,-0.029920310024580843,0
0.05160486697626876,0.4786824154050444,1
-0.5605328222850643,0.9561286210703439,1
0.1410260163903747,0.8053199653465377,0
-0.7240776143915355,0.3847853563391128,1
-0.46906551990842904,0.8693247412649721,1
-0.41328502583422067,0.08884614286886738,1
-0.8972061772789148,0.41980114611445973,1
-0.8107772837919514,-0.8910539400175848,0
0.955663082990396,0.1379193071094491,0
-0.4035228883226849,-0.053767055460977486,1
0.7288783784309663,-0.7752590715845529,0
-0.9417952407665209,-0.04619175271130249,0
-0.2475484994799546,0.5523782384996563,1
-0.6188138479269076,0.4966168151982666,0
0.2758391082473295,-0.15904814988719895,0
-0.760663424103851,-0.6461402913518126,0
0.7838387215216065,-0.29575514285226556,1
-0.6986829351997244,-0.9262047998102108,1
0.3808685756306578,0.7384439952034656,1
0.5160844991322582,0.2747718610381409,1
-0.33197033975235724,-0.7398212340947301,1
0.13079175980157554,0.42312379863340244,1
-0.9898005264504046,0.9670734383300974,0
-0.831287187004772,0.9307062897340204,0
0.8053916338748333,0.7488562958877631,0
-0.10067748654186004,0.42273321391899543,1
-0.09665567189880697,0.9953167361651565,0
-0.19710017501968813,0.6533735582409972,1
-0.7053491388860516,0.16838821502737167,1
0.5726903660885512,0.2877168697141943,1
-0.40053106875490063,0.0026473951062240264,1
-0.37584599607552427,-0.7536894601914916,1
0.9841150238818401,0.9210858399233273,0
0.6976316662204225,0.28585356217433855,1
-0.7377132902072356,-0.33190301980520687,1
0.418056755631123,-0.3413454182304896,0
-0.2576166788094605,0.9409633118760572,0
0.037140064820671226,0.54131666983506,1
-0.5142127633182969,-0.5767504852322185,0
0.6669182518710095,-0.0030139888465585685,0
0.8651737357710068,0.7737967520270206,0
-0.5332665493735111,-0.30739834518460785,1
0.7934510970951107,-0.9235211395242207,0
-0.34769011691148055,0.634540740418873,1
0.2396137835285974,0.20441165767910285,0
0.3555853817290382,0.40121880534453913,0
0.6790275212979049,-0.36470789872324194,1
-0.9441756434068249,-0.7066662587046051,1
-0.35707791770665454,0.6218533886254036,1
-0.2855800718197703,0.5392246578894644,1
-0.11987577649886516,0.3501902417275482,1
-0.38114435309521855,0.25079899980710696,0
-0.5441286089513211,-0.6791379823293282,0
0.44890086772285653,-0.8457299936709524,1
-0.3053098576723574,-0.06369354783956127,1
-0.5078774864180233,0.5343404294338623,0
0.7523054445467408,-0.6498758491971199,0
0.26178509960561946,-0.20399846693254187,0
-0.33895365538718814,0.4012633605960323,0
0.5254877984167177,-0.7861931777309497,1
-0.1123767095274486,-0.09237830472011366,0
0.44627846694710027,-0.5687927982250973,0
0.8590415572816255,-0.11677798408079743,0
0.1428976674948823,0.025537230131534416,0
-0.265118249903177,-0.7641271546696227,1
-0.17286274412009606,-0.11809191954775278,0
0.5841278039422979,-0.5291378375693807,0
0.9702276432225354,0.2756022235003006,0
0.5122179877833983,0.2194345310677186,1
0.9931137079044519,0.13452308203577412,0
-0.26353980641878016,0.18530033387294642,0
0.5773336283798047,-0.20287088718530844,1
0.9392955594380605,-0.17374512781774865,0
-0.9391323611748796,-0.8351350963092479,0
0.9256074033096549,-0.6148165036021265,1
-0.04454301757768153,0.40053893956034536,1
0.6867427384693481,-0.8243507886190893,0
-0.185850938306807,0.8342749422869418,0
-0.0494938563291063,-0.3496976457507053,1
-0.8768503807905816,0.06016588502475506,0
0.19431497944123022,-0.6776026799015529,1
-0.047370004165790736,0.7927994939908676,0
-0.17631845852006522,-0.49840033030108777,1
0.20569766368644649,-0.17380385256964903,0
-0.47080416827222904,0.8167268206061342,1
-0.8309347479857336,0.7549930688497546,0
0.940905354811221,-0.13837426603219893,0
-0.8477494388172311,0.8747159596133465,0
-0.17329753818472815,-0.4251112161613244,1
0.7715705340350079,0.2379394210683028,1
-0.5298484074816163,-0.5311961460471151,0
-0.11436831527488178,-0.9731751887186333,0
0.7915421899335975,-0.8717073485205205,0
-0.17235571641701508,0.4672568939909483,1
-0.7007143610053652,-0.2872350992853314,1
-0.8826414491242136,0.03512808940006318,0
0.4282361532211536,0.33519149200888365,0
-0.7225585059557755,0.29476027949838923,1
-0.9040799889992508,0.7865032563273713,0
0.7456756561095774,-0.9790259858841239,1
0.7384933909083065,-0.3650391133419786,1
-0.3681915124254922,0.7807995152026435,1
0.8679457657519623,-0.7554672859737435,0
0.1125026246238452,-0.49678534768226235,1
0.1511279527670666,-0.0639095227630535,0
0.8046416188495076,-0.4225963058536344,1
0.988732008816051,0.14313504026473067,0
-0.45751932100583437,-0.7178828575079841,1
-0.09970669304818736,-0.6158769547203344,1
-0.6448914807879169,-0.12776653987167097,1
-0.041930212454726945,-0.010669792484913954,0
0.592168119344266,0.518806213130069,0
-0.07387455240483742,-0.07656675768542609,0
-0.48300778102803665,-0.45821129054883114,0
0.6222859070106224,0.6762067528515294,0
0.4266365444903284,-0.9523077297945939,1
-0.9391382300480318,-0.6017086311848889,1
-0.9133418539423648,-0.4494465179426568,1
0.843785828979088,0.38771932248646745,1
0.9949186129346799,0.31163987644374935,0
0.841903757476014,0.13350251502689403,0
-0.7408055847414026,0.4735257707758622,1
0.5135970594297681,-0.7871970274801297,1
-0.4503906722910478,-0.09617435422147924,1
0.7202743115850878,0.83617015203173,0
-0.24311814287383227,-0.01676804550222344,1
0.20910468585608166,-0.5443420055143515,1
-0.8594671440309172,0.04549247441874682,0
-0.9788554665224185,-0.45262136725076396,1
0.9631045267165095,0.91362606714533,0
-0.8465026109910769,-0.5169729462664956,1
0.6127566379762515,-0.065068189142651,1
-0.2079205768861485,0.18442491095669222,0
0.7987823494479729,-0.7148981342084317,0
-0.5523301023972029,0.5551689911292705,0
0.3360284322635616,0.7793202454697652,1
-0.35740354940153574,0.2395531818496388,0
0.9021036705203629,-0.6863737788937034,1
0.12155246965632993,-0.9056977709620138,0
-0.8552682555885249,-0.5061721245860149,1
-0.09900708359813404,0.08348190974899605,0
0.03680768876821805,-0.2569566278118882,1
-0.4820372862993758,-0.8777809116224167,1
-0.23305349044283696,-0.4774894302695434,1
0.7893080785609969,-0.021992592450286397,0
0.8733741073543235,0.7576656886724957,0
0.7654498634248914,0.3114721207191533,1
-0.5794991591987775,-0.9743558821625131,1
0.3123288907146966,0.18754898565772948,0
0.698387988290631,0.6013752186288146,0
0.23512827842680917,0.5624836591828468,1
-0.6657018773139907,0.22904723689860962,1
-0.9676563441616242,0.7056176784574331,1
-0.5058624644529726,-0.4252736016706833,0
-0.253886701702716,0.6963593749989356,1
-0.8382564981934517,-0.7786981452470978,0
0.9423225913012434,0.0916007431318151,0
0.44855025172805973,0.5050410331883801,0
-0.5372622795921262,0.9699870290403252,1
0.48248553043695885,0.6090992429135977,0
0.9643195215353104,0.9320435635802617,0
0.9902473090680421,-0.6999303684251819,1
-0.2577129068038193,0.29412805590717617,0
0.9046147910916398,0.4782318235066143,1
-0.1291341164161457,-0.17391342165086354,0
0.43436990750198734,0.9760554155915275,1
-0.8815584647288162,-0.49777254499346735,1
-0.3861492388550718,0.8230507308443105,1
0.008219111887914465,0.8937379251943867,0
0.6765005264349773,0.20909673596413403,1
-0.583313436221506,0.9695458324602724,1
-0.08246448381050375,-0.5580356524483694,1
-0.05421466894189653,0.06844723970432542,0
-0.6329573157019186,0.26607762356575515,1
-0.29012148001564797,0.8197587363755867,1
0.45462344370655905,-0.7609828588669316,1
-0.5893726414271618,-0.8048072832769799,1
0.12456825172786745,-0.18875055672675245,0
-0.5981734333275597,-0.7369769464074338,0
-0.9271934165000977,0.9748095423330145,0
-0.9220014207672584,-0.043001688603157895,0
0.5815866169193373,0.019091343464513022,1
-0.9294137304663075,-0.5376782327595229,1
0.07507983158513176,-0.9954825449625129,0
0.8529248730296233,0.9676018093949306,0
0.18987116574459773,-0.6952268610451924,1
0.3906094698179352,0.03206785549360047,1
-0.9546184167890059,0.9457063327854656,0
-0.8147984743295151,-0.7629279715778114,0
0.24719550288203274,0.5859839605825217,1
-0.8727086822808967,-0.5593727125639592,1
-0.004633184932377743,-0.39252367175521385,1
0.401248882347512,-0.8704870635175619,1
-0.3985970610280527,-0.688361598314857,1
-0.8070935578764684,-0.857174081161761,0
-0.20617018545171217,0.6699809251417412,1
-0.07512258871953081,-0.30892581883580505,1
-0.7527228229682688,-0.6727188123197982,0
0.497953529379189,-0.4462719447169947,0
-0.7494140998636418,0.6580355766034569,0
-0.977025659013681,-0.6189739280372963,1
-0.7160397614544305,0.053797353776494194,0
-0.6679676309596014,0.6319453790597274,0
-0.36383144135388723,0.34592090103599293,0
-0.9401696398504971,0.835970259899437,0
0.26684521299608055,0.2848864337952548,0
-0.8886239845612502,0.5440669868308341,1
-0.8331005309170412,-0.7130331325269839,0
0.9060862575667128,-0.16640775558943566,0
0.4464863535920489,-0.12962619887277183,1
0.17887530881262625,0.9231974441564537,0
-0.2401821878143382,-0.735237665106542,1
0.9538328133152518,-0.8841711535777241,0
-0.09853290572016626,0.9049269352076219,0
-0.1881766522010846,-0.28631511842079505,0
0.9927151089023758,-0.503042461313157,1
-0.5404508865186561,-0.22357319771572914,1
0.5408541541853822,-0.6316975572623287,0
0.5535836950536093,0.8347285137626832,1
-0.44491060838635454,-0.7889698221253254,1
0.6354445921136782,-0.4969458328356029,0
-0.1949514426899117,-0.2436705927730589,0
-0.6202991892057481,0.9838368509027586,1
-0.9285591517579475,-0.00764824171815337,0
-0.1291289962038018,-0.8045869960378553,0
0.42120881283044365,-0.7098825167960467,1
-0.551639089393281,0.18934981354899527,1
-0.4058672354376065,0.8768236253126553,1
-0.011374809937660268,-0.4715439351398554,1
0.3917403734605507,-0.867092074975869,1
0.6114081238280524,-0.207554686021989,1
0.5592152931161207,0.9373027888679979,1
-0.20807597896934782,-0.519007153369863,1
0.18071335693532942,0.05121714680614664,0
0.4372357484300713,0.8124407606731747,1
-0.7858844605880522,-0.8065270465945922,0
-0.35539736112277276,-0.8181442563919759,1
0.24788633880189437,0.11853651921687858,0
-0.5815544788136435,0.5422058968102272,0
0.4352746027978025,-0.934384276713101,1
-0.8060278583967273,0.11548936403769061,0
-0.04200844113448876,0.8027783931802266,0
-0.09522754654292132,-0.34759226868056703,1
0.7950281717155443,-0.722501565168252,0
-0.592686698258369,-0.06240026568698798,1
0.9722882666268087,0.6566925755474597,1
-0.8224570057477532,-0.30349276887889953,1
-0.7563788404220935,0.819766810164029,0
-0.04796711752566818,0.26656877859566164,1
-0.7754992256355631,0.8176989711370775,0
-0.6765129790562541,-0.2914952656113994,1
-0.05183877666324732,-0.07608251888933326,0
-0.7296081294575614,-0.04069348705024689,0
-0.02773496484280069,0.25293673777092995,1
0.3157442497507188,-0.5848008554206348,1
-0.7966818393065884,0.4846225340445216,1
0.16007263199410526,0.09227758563447397,0
0.10936692893383704,-0.24866480719960182,0
-0.489829170783044,-0.030699627523143258,1
-0.9933035674051527,-0.2619092108713692,0
-0.3696663707219674,0.582623920230148,1
-0.5903085233992338,0.1420720955026218,1
-0.5622228249123205,0.6355038010882206,0
0.0624744979454428,0.17624678341852618,0
0.8747743050781445,-0.49118376477503944,1
0.4580457639860862,0.330553099866326,0
-0.6970357936004568,0.7854157939744724,0
0.83454799735893,0.8322491411531661,0
-0.7371897168835992,-0.21969646824318168,1
0.9372597625829033,0.9350577760252003,0
-0.13143413910153678,0.5584247055439204,1
-0.11355817954838598,-0.4611653820157464,1
0.15236928453995846,-0.6876451709226934,1
0.07956280353253908,0.7518845197824298,0
-0.2647045895269611,0.018129689989152542,1
0.462807850832482,0.3788551698896485,0
0.40876107564033504,-0.7570032488290441,1
-0.9949717152330091,-0.35547168442985266,0
0.006190554216056299,-0.5521142221512692,1
0.13524904735247945,-0.4589674917500648,1
-0.5315030066281483,0.7795570698847551,1
0.1839293063852423,-0.1556250200196705,0
0.9036362996306933,0.5895988491917072,1
0.31770195606472407,-0.7462541506698552,1
-0.7641346670197289,0.6942646776866566,0
-0.8141223766653944,0.3715133084501845,1
-0.005766547621771867,-0.4190507457975441,1
0.9997493529433068,0.17709344863880205,0
0.9495198990556926,0.8744499382037914,0
0.22232235640239884,-0.6280313473712347,1
0.49368721895837275,0.3872637618193835,0
0.9157381599977334,-0.8646312208741354,0
-0.4457055235842071,-0.9712716552509155,1
0.1453817072436221,0.09477921765597785,0
0.16209177175467215,0.5601958485785388,1
0.13210266432712303,-0.7796287841629597,0
-0.8905659399727814,-0.8002000403538541,0
0.8719427456968021,-0.9003188922991514,0
0.9086538351257751,0.5532695724163181,1
0.29188058373851145,0.354919045685558,0
-0.8025891809167622,-0.005195138370756691,0
0.9513394873620671,0.4124257073495563,1
0.7386758887529743,0.6937137124370412,0
-0.42923317960625496,-0.9678169280330904,1
-0.8789447894970173,0.17227850190435046,0
0.5247315363630061,0.41317921231862553,0
0.5145453873040271,-0.0456584260870998,1
-0.7908891234395841,0.8305439149713807,0
-0.8873806923240315,0.02658780726873755,0
-0.34401339861986946,-0.9837783461326812,0
-0.5791100845426733,-0.2289133733906048,1
-0.8831571866858374,-0.7459271218027455,0
-0.039479891177373494,-0.2856091539646317,1
-0.33622460842436164,0.7909872555286817,1
-0.7653978818123821,-0.04501055401250831,0
-0.5734997902906414,0.15013055588785185,1
0.9995824467473193,0.6759968397219502,1
0.30452504750200204,0.16628235079681408,0
-0.633942011794091,-0.5539627657187478,0
0.44100009457318423,0.035205761151305026,1
0.9425961395682765,-0.2686673091231473,0
-0.7927933445826689,0.05627808713351068,0
0.4092701872155893,-0.7131676995415508,1
-0.009693174956680428,-0.3213484047015238,1
0.1129099164353391,-0.5774656621632293,1
-0.0426482129616641,0.8199277692087663,0
-0.9221762975327852,0.7859657057846332,0
0.37327792205712895,-0.7533806282253217,1
-0.0324546614258856,0.9919734179273161,0
-0.6394113751819497,0.6931899968015844,0
0.7269705858357944,0.4717329145480973,1
-0.8387888057034529,0.052096097776453076,0
0.7834339443572966,-0.8449651653800374,0
0.6549837482240106,-0.2909681499178205,1
-0.5056027761810826,0.6263046658674345,0
-0.5205077837321368,-0.9322082532431357,1
0.8808334991569653,0.43917785593923697,1
-0.1362066230194059,-0.13938649648965495,0
0.22173463521611603,-0.08682852785129302,0
0.3604000118358963,0.35087281972505324,0
0.8868187811708304,0.184809094913315,0
0.3507600327925027,-0.018397169310498063,1
0.8247635471349526,-0.2628840932181349,1
-0.2248792139363931,0.441632608312005,1
0.6457775309984641,-0.24746389307794914,1
-0.5268560931537858,-0.5443632323291678,0
-0.06014971472621844,0.8603338891414307,0
-0.31886523456063554,-0.3109461157846425,0
0.12079536303284888,0.2526476663801458,0
0.019771445575224478,0.14492308367552864,0
-0.14581860927650836,-0.026222256752544304,0
-0.8333732188842746,0.8267903292307617,0
-0.4279009986183089,0.8848063671735746,1
-0.431694925216501,0.14141141581073935,1
0.9601440400826957,0.2973605909641561,0
-0.6299991342840785,0.6126683037586613,0
0.8305834769993481,-0.9554967433417199,0
-0.5850331334644481,0.5304867824596917,0
-0.4776295365842109,-0.8331706199729612,1
-0.20065426064215175,0.5797937241890692,1
-0.4468508325625453,0.9567575822513688,1
0.024176117662991103,0.7901091647857408,0
0.33041090804423234,0.2363632891094798,0
0.849597464064308,-0.13729705721531338,0
-0.04763115029080223,-0.5252237739795873,1
0.6033803115224587,-0.2005833563400774,1
-0.7865099648365754,0.7361107573038512,0
-0.9416764421623391,0.6164274508386456,1
0.30292315274005444,-0.5295510609583298,1
0.4951356915859537,0.14938708147104074,1
0.9824180739568438,-0.32584931814421303,0
0.05018269301938294,0.26942116395865634,1
0.45553901487287396,-0.5295543517687267,0
0.9584881160693417,-0.8615147917983903,0
-0.021672923373235564,0.07062969873494618,0
-0.8907061272825219,-0.005733903807291885,0
0.7476396736223689,0.06441393407876483,0
-0.8067407558782813,0.2659653407246987,1
0.49302015541252175,0.060733331992601336,1
0.5608931568578455,0.6498723817113363,0
0.5650633572841399,0.25239054556607776,1
-0.8408150048101606,0.8581207384547223,0
0.1258329933688438,-0.14876151180756625,0
-0.9344842234052564,0.8687770992954469,0
-0.8972999122600318,0.25856298965250635,0
0.015494358851229961,0.5128302008151844,1
0.1116076715533425,-0.13226607997086726,0
-0.6230952614296148,-0.6275088674733367,0
-0.5925132832766338,0.16445840583617977,1
-0.45156545437203044,-0.35908781076303753,0
-0.7774886244004828,-0.3684456457290284,1
0.053173184047632605,-0.5022272689600353,1
-0.36732195368582876,0.07114073793785347,1
0.6155106876764602,-0.8962584393158308,1
-0.9024511164773283,0.5191891891326319,1
-0.39881054454573994,-0.28078742151658376,0
-0.24900252091755126,0.4808014487699135,1
0.19964090591677208,0.6474360616321784,1
0.5098512376818833,0.809110698293646,1
-0.4569639335629041,0.10916553773158766,1
-0.20012792039811722,-0.5748569218322299,1
0.4087899858893542,0.6702255866649107,1
0.6460739410507581,0.19714981591647662,1
-0.7709495164335061,-0.6996427698077115,0
0.7449708552561034,-0.6778476804352245,0
-0.8252475108817237,-0.8734319132764132,0
-0.08463560475248166,0.11084763069984738,0
-0.9141888011917874,-0.7819283593017283,0
0.28644277984589417,-0.2049618640058275,0
0.8811474783407931,-0.323117025587651,1
0.19784103137395692,-0.5222274365496993,1
0.29816301335691575,-0.3423657699771092,0
-0.031414360831284016,-0.9477513313162984,0
0.4968015013141789,0.25594723317661594,1
0.1949076201426081,0.8854566519368541,0
-0.6185005146206151,0.7414901100144573,0
0.18310105606234317,0.269538923944336,0
-0.7316404428744965,0.376075336523078,1
0.538349154782336,-0.0010705713177212584,1
-0.9797061606869857,-0.0035397511539023707,0
-0.15768829463501066,0.1484171784666639,0
-0.86765996266405,0.846017189214445,0
0.14886426665080377,0.9254413835522541,0
-0.7062310778392238,0.6106632808819241,0
-0.20480342914423133,-0.9789570771621277,0
0.4378569437175346,-0.5704284795124599,0
0.05086696318104034,-0.7525251230906413,0
-0.954013918329446,-0.26384819017933614,0
-0.985684758663856,0.15675382566595797,0
-0.9628346054493897,0.4136661525203378,1
-0.9675888748212371,-0.6508527220454419,1
0.595810437627867,0.9771086036465022,1
-0.37214812808911435,0.684995987671897,1
0.3677142744223527,-0.6366355168376006,1
0.457037534021137,-0.06106103703194221,1
0.2076808073120846,0.5385226558265728,1
0.1602868177905179,-0.5344112701062551,1
-0.7606868241134908,-0.6801942491271264,0
0.5174915880728366,-0.22931849996319364,1
-0.9433422870188763,-0.1640678929764301,0
-0.06015195651544625,-0.04037039759934391,0
-0.2772238735926482,0.4939295278680069,1
-0.9431591896071454,-0.709925290998707,1
0.39289465330678386,-0.48912800371861587,0
-0.3468602452563956,0.045838909648059145,1
-0.6612264715442853,-0.9601477357198493,1
-0.20424697791186386,-0.9938157799985041,0
0.8423943016895352,0.1195851054837731,0
-0.7233092476235421,-0.0284227447381038,0
0.4948437006304973,-0.0355669388913149,1
-0.3641773454244184,0.5925696813382024,1
-0.08954764210556876,0.09528615304423349,0
0.7602890405101976,0.22845815912339074,1
0.35846616317218083,-0.22358098213808564,0
0.7737689480045784,-0.026906104802101982,0
-0.28541107401789145,0.7523150897326267,1
-0.07688215744628724,-0.4394875222921437,1
-0.4439388256182657,-0.11240366920715927,1
0.7603134001167973,0.8319636753150377,0
0.42494709503938655,-0.758865845608657,1
-0.38794514190149076,0.43000189813012457,0
-0.6202072722696852,-0.664996567898263,0
-0.22354824958499986,-0.2582821905853696,0
0.33407269742118606,0.03999796997317806,1
0.7918638670714346,-0.8503837328766184,0
-0.3487367385289022,-0.8583718536384723,1
0.990419520460116,-0.23108016726501646,0
-0.4802872179144555,-0.37457533353391703,0
0.08485983003766973,-0.0837163844690969,0
0.3393178603660054,0.5813030711053453,1
0.9535784452811005,0.12553073018580907,0
0.7877389767999619,0.12346840670730952,0
